별점,리뷰내용,작성자,작성일,공감수,비공감수
9,왜 박지훈인지 단번에 납득가는 눈빛이 지림,dram****,2026.02.04. 10:24,14318,510
10,아 ㅋㅋ 진짜 미치겠다 세조 싸움 잘함?,aalo****,2026.02.04. 11:35,11124,571
10,오랜만에 극장에서 볼 만한 영화 나왔다... 진짜 꼭 보세요!!! 올해 가장 잘한 일? 왕사남 개봉하자마자 극장 가서 본 일... 믿고 보는 유해진 역시는 역시...ㅠㅠ 웃기다가 울리다가 다하는 거 ㄹㅇ 반칙임;;;; 역사책 찢고 나온 열연 미쳤고 박지훈도 그냥 단...,hamt****,2026.02.04. 10:41,8932,631
10,유해진 조선사람 그자체라는 짤 보고갔는데도 너무 리얼해서 깜짝놀람 ㅋㅋㅋㅋ단종역할 배우도 처음봤는데 대배우 되겠더라 넘 재밌고 슬펐음 ㅜㅜ,shwo****,2026.02.04. 10:30,8008,321
10,홍위도 울고 흥도도 울고 나도 울었다,char****,2026.02.04. 10:43,7654,253
10,이동진 평론가가 극찬했다는 이유를 알 것 같아요 2026년 올해의 영화... 갑니다~!,ys99****,2026.02.04. 12:26,5589,388
10,"와 오랜만에 극장에서 볼만한 영화 나온듯배우들 연기 차력쇼 미쳤고, 보면서 눈물 콧물 다 흘림 진짜로.. 설 연휴에 부모님이랑 같이 보기 좋은 듯!!",c0c0****,2026.02.04. 10:51,4444,252
10,오ㅏ.. 결과를 알고봐도 좋았고 설에 부모님 모시고 또 봐야지,happ****,2026.02.04. 10:57,3670,227
10,"가족들과 한번 더 볼거에요.... 유해진 박지훈 연기 미쳤고, 웃고 우느라 속절없이 당해버림. 단종은 박지훈..",mooy****,2026.02.04. 09:48,3654,236
10,오랜만에 사극 영화 보고 웃다가 울다가 과몰입한 영화!! 연기까지 완벽!! 설연휴 영화로 강추,ehdg****,2026.02.04. 10:50,2845,217
10,박지훈 눈을 봐라 단종이다,pass****,2026.02.04. 09:54,2412,73
10,유해진의 에어비앤비 (사장님이 친절하고 게스트가 미남이에요),skdb****,2026.02.04. 14:12,2218,60
10,박지훈 퍼스널컬러는 단종이였다,jumi****,2026.02.04. 12:08,2204,71
10,"버석한 입술에 미소가 걸리고 텅 빈 눈에 다시 빛이 돌아올 때, 소년은 그제야 어른이 된다.",anti****,2026.02.04. 17:18,2177,70
10,"F는 보지 마라 진짜...잘 참았다고 생각하겠지, 그때부터 시작이다",dami****,2026.02.04. 12:41,2162,103
10,단종을 나약하게만 그린 것이 아니라 왕이었다는 것을 느끼게해준 영화. 유해진 박지훈의 조합이 이렇게나 감동을 주다니 여운이 깊게 남습니다.,milk****,2026.02.04. 12:17,2107,62
9,호랑이 말고는 모든 게 좋았던 작품,kjh8****,2026.02.04. 15:11,2162,118
10,박지훈은 영화계 최고의 보석이다. 눈에 보석박음.. 눈만봐도 눈물..,pjjm****,2026.02.04. 14:14,1811,62
9,”다시 태어난다면 기꺼이 그대의 벗이 되리라“,wovl****,2026.02.04. 14:21,1782,57
10,569년이 지났지만 단종은 모두가 응원하고 잊지 않을 존재로 기억되고 있네요. 세조도 무덤에서 일어나서 이 영화 보시길,5556****,2026.02.04. 11:27,1767,69
10,꺾여졌을지언정 태생부터 적통이었던 왕의 기품은 고고하다. 박지훈 배우가 연기한 단종이 너무 아름답고 단단한 성군의 자질이라 역사 속 단종이 너무 아깝다는 생각이 든다. 금성대군에게 보내는 단종의 의지가 담긴 편지 내용이 너무 인상깊다.유해진 ...,wowt****,2026.02.05. 02:06,1435,44
10,박지훈 연기…미쳤구낭,voav****,2026.02.04. 11:41,1279,62
10,박지훈의 단종이 너무너무너무 인상깊고 연기가 미쳤습니다 20대 배우중 제일 기대되는 배우그리고 유해진이 날아다닙니다 왕사남으로 큰상 많이 받으실듯,kitt****,2026.02.04. 14:11,1240,48
10,마지막에 오열해버렸습니다,tlfq****,2026.02.04. 10:26,1246,73
10,단종은 하고 싶어서 하는 역할이 아니라 주어진 자가 할 수 있는 역할이라는데 그 주어진 자가 박지훈인게 확실하다. 향후 10년동안은 단종하면 박지훈을 떠올릴듯,mayb****,2026.02.04. 19:36,1186,53
10,유해진 박지훈 두 사람 상줘라,dlek****,2026.02.04. 14:43,1120,49
10,이런 사극 오랜만인데 너무 좋았습니다 ㅠㅠ 박지훈 대배우될 거 같음,sson****,2026.02.04. 11:46,1006,52
10,오늘 이후로 김은희 남편이 아닌 <왕과 사는 남자>의 감독으로 불릴것! 결과를 우리 모두 다 알고 있기에 영화에서의 결말만큼이라도 성공하기를 바랬다 ㅠㅠ,ews1****,2026.02.04. 15:12,1004,52
10,그냥.. 보세요.. 진짜 이런 감정을 느끼게 해준 영화가 얼마만인지... 감히 올해의 영화라 할 수 있다고 봅니다,jk90****,2026.02.04. 14:40,884,51
10,진짜 미쳤다 웃다가 울다가 마지막엔 꺼이꺼이 울었음 천만 넘을거 같다,ahki****,2026.02.04. 11:49,862,65
10,"유해진 드디어 남우주연상에 오를듯,,,,마지막 클라이막스는 유해진이 아니면 살릴수없는 연기",cele****,2026.02.07. 19:09,777,34
8,유해진 유지태야 뭐 원래 잘하는거 알고있었는데 박지훈 연기 진짜 미쳤네..,dbwk****,2026.02.04. 16:13,785,46
7,박지훈은 눈 하나만으로도 일 끊길 일은 없겠다 싶다,bsj1****,2026.02.06. 07:18,710,48
10,"영월 광천리(광천골)가 시댁인 사람입니다.남편과 저는 단종에 대한 예의로다가 영화를 꼭 보자고 했었고 관람일기준으로 출산한지 60일째에 오전, 오후로 예매를 하고 한명씩 보고 왔습니다. 아기를 낳고 쭉 쪽잠만 자왔던 터라 보다가 잠들면 어쩌나 ...",i0ju****,2026.02.09. 07:23,678,35
10,"왕의 남자, 왕이 된 남자 그리고 (new) 왕과 사는 남자... 완벽한 왕의 영화 계보... 학교에서 안 했던 조선역사 공부를 이렇게 한다",juve****,2026.02.04. 11:44,660,44
10,"연기구멍은 호랑이 뿐, 배우들 연기가 미쳤습니다!! 그냥 엄흥도랑 단종 데려다놓은줄",howt****,2026.02.05. 09:43,624,33
10,오랜만에 극장에서 본 사극이었는데 역사 찢고 나온 배우들의 열연이 정말 최고! 휴지 꼭 잊지 말고 챙겨가길!,redf****,2026.02.04. 10:56,615,62
10,"재미도 있지만, 엄마랑 둘이 광광 울었네요..박지훈님 그 눈망울이 계속 머릿속에 맴돌아요",nhkj****,2026.02.04. 13:44,579,36
10,어렸을때부터 왕으로 자란 단종의 느낌이 자연스럽게 표현되어 진짜 단종이라면 저랬을것 같았어요그리고 박지훈배우의 얼굴이한몫을 합니다유해진배우님이 말씀하신 마지막 밤씬은정말최고였습니다연출적으로 아쉬운부분은 있지만저는 또보러갈겁니다,imma****,2026.02.04. 14:41,562,36
10,"호감 배우들의 연기파티에 실화의 묵직함까지, 항주니 감독님의 최고의 영화가 될듯..",rncn****,2026.02.04. 10:18,533,37
10,"""너의 상대는 나다.”청령포 절벽에 울려 퍼지는 그 포효의 순간, 폐위된 상왕 노산군의 눈빛은 마치 호랑이처럼 변해 있었다. 오달수 배우의 대사에서처럼 단순한 분노의 외침이 아니라, 백성을 향한 연민과 책임에서 비롯된 왕의 마지막 자존처럼 느껴졌...",9902****,2026.02.08. 13:20,509,31
10,연기들을 얼마나 잘하던지.. 장항준 감독님 리바운드때 흥행 실패로 우셨다 하셨는데 이번엔 다른 의미로 우시겠어요 영화 감명 깊게 잘봤습니다 다음 작품 기다리겠습니다,ljyz****,2026.02.04. 15:34,506,32
10,극장에서 이렇게 사람들과 웃고 울고 한 게 갑자기 오랜만이라는 생각이 들어서 그것만으로 왠지 뭉클했다.. 같이 울고 막 같이 우니까 그 관에 있던 사람들이 다 착하고 좋은 이웃들처럼 느껴짐.. 영화를 한 공간에서 보면서 동시에 서로 같은 마음을 느...,lims****,2026.02.04. 17:19,500,27
10,유지태 표독 눈매 리프팅 미쳤다,wish****,2026.02.05. 00:34,478,19
10,유해진 박지훈 배우의 연기합이 매우 좋았습니다. 재밌게 잘봤어요,rast****,2026.02.04. 11:42,473,34
10,유해진 연기야 말할 것도 없는데 단종배우가 진짜.. 단종같음...감동적이고 재미있음!,llll****,2026.02.04. 13:25,452,24
10,"간만에 진짜 재밌게 본 사극 영화라 모두가 봐주면 좋겠는 영화,, 엄흥도랑 이홍위가 행복한 세계도 있겠죠ㅠㅜ?",whal****,2026.02.04. 10:29,430,30
10,불쌍한 왕이라고만 생각했는데 영화를 보고나니 어쩐지 미안한 마음이 들었다. 박지훈의 재발견!,soye****,2026.02.04. 14:52,419,27
10,"알고있는 역사이야기.그래서 더 사무친 내맘ㅠ연기들을 왜이리 잘하셔서 ㅠㅠ 진짜 눈동자에 뭘 바르신거예요? 끼신거예요?와... 태산역할분은 신인(?)이신거 같은데,그분도 연기 잘 하시더라구요.",uri1****,2026.02.04. 14:09,365,24
10,와 진짜 ㅈㄴ재밋음.. ㅠㅠ,ljy0****,2026.02.04. 11:20,365,42
10,박지훈 단종대왕 대상 줘라,heej****,2026.02.04. 19:45,337,22
7,가족과 보기 좋은 영화. 호랑이 cg가 너무 허접해서 아쉬움. 출연진들의 뛰어난 연기에 비해 연출이 너무 무난한게 아쉬움.,beak****,2026.02.05. 09:48,365,56
10,결혼이후 처음 울 남편 눈물을 보았다!!!!영월 꼭 가봐야지.배우 캐스팅 완벽!,syhe****,2026.02.04. 14:06,335,27
10,"유해진 익살스럽게 연기 잘 하네요. 박지훈은 자기 얼굴에 맞는 배역을 정말 잘 고른 듯... 약한 영웅 때도 놀랐지만 연기력도 한층 물오는 느낌. 감초 역할 배우들도 다 유명한 분들이라 영화가 더 살았다고 생각.. 전반적으로 기승전결 짜임새가 좋고, ...",swka****,2026.02.04. 13:37,318,20
10,와.... 배우들 연기뭐에요? 정말 오랜만에 볼만한 전통사극 한편 나온듯요,kths****,2026.02.04. 13:55,315,21
10,배우 연기가 정말 대단했습니다!여운이 남네요연휴때 가족들과 한번 더 보려고 합니다,seog****,2026.02.04. 10:16,309,31
10,박지훈이 내 맘속에 저장 하던 사람이라고!???놀랍다... 연기 ㄱ잘함,kiki****,2026.02.06. 08:04,296,19
10,간만에 미쳤음 박지훈 잘생긴거알았는데 연기도 잘함 저런왕이면 난 무조건 응원함 유해진은 진짜 저런 백성있었을거같음 설날에 꼭 봐야겟는데 ㅋㅋ간만에 영화같은 영화 본거같늠,iiaw****,2026.02.04. 14:06,294,23
6,항준이형 드디어 해냈구나,shou****,2026.02.04. 15:40,382,114
10,태종태세문단세의 단종... 국사책에서나 보던 이름이 이렇게 나를 미치게 할 줄 몰랐음 ... 단종 사랑해... 단종 행복해... 단종 미안해... ㅠㅠㅠ 오늘부터 한국사 공부하러간다,kirk****,2026.02.04. 11:49,291,28
10,단종은 당시 16-17세에 불과한 어린 청년이었다 아무리 적장손 적장자 왕족으로서 짐을 지고 자라왔을지라도 소년은 소년일뿐... 이 사실을 생각하며 영화를 본다면 특정 씬들은 단종을 연기한 배우에게 더 측은한 마음이 들게한다.. 자신의 인생을 선...,dayo****,2026.02.06. 18:53,268,13
10,단종께서 박지훈배우로 환생해서 살아가고 있는거라고 믿고싶을 정도,gksm****,2026.02.07. 19:58,260,13
10,호랑이 cg는 너무티나서 긴장감은 없었음.. 감독이 노린거임?박지훈은 나오는 모든장면이 그냥 아름다웠음,ppsj****,2026.02.04. 18:32,257,18
6,"역대 사극 흥행작(왕의 남자, 광해 왕이 된 남자, 관상 등)에 비해 훨씬 떨어지지만 편하게 볼 가족영화로는 나쁘지 않음.엄청난 영화, 명작 소리 들을 그정돈 아닌데 개인적으로 평점들이 좀 오바하고 과한 경향이 있다고 생각이 듦.",dltm****,2026.02.15. 23:05,426,190
10,웃다가 엉엉 울어버렸네요. 오랜만에 이렇게 재미있고 의미있는 한영본듯. 설날에 가족들과 다시 볼래요,4sin****,2026.02.04. 10:25,256,23
10,아.. 전생에 단종 측근이었나.. 후반부에 질질 오열함. 진짜 감동 미침(positive) . 뭐 연출 어쩌구 하는데 나는 딱 좋앗음. 너무 관계성을 딥하게 끌지도 않고 적당하게 잘 한듯?? cg도 솔직히 그게 머 다 거기서 거기지 뭘 너무 가짜같네 마네;; 진짜 호랭이...,jcw7****,2026.02.09. 01:58,246,15
10,유해진이 작두타고 유지태가 호령하고 박지훈의 눈빛으로 완성되는 거장 등극 직전 감독 장항준의 역작.,dmst****,2026.02.06. 20:29,239,14
9,"아쉬운 연출을 채워주는 박지훈의 눈빛, 유해진의 김치찌개. 홍위의 텅 빈 눈이 백성들의 사랑과 지지 속에 범의 눈이 되는 걸 지켜보면서, 이변없이 집권했다면 이런 성군이 되었겠구나, 비극으로 얼룩진 그의 삶에 색채가 덧입혀지는 느낌이다. 수염도 ...",opti****,2026.02.09. 21:21,237,18
10,연기차력쇼라는 말 오글거리는 것 같아서 안 좋아했는데 이 영화는 그 말 백 번은 해야 직성이 풀릴 것 같다 정말 놀랐던건 박지훈이 그 대배우들한테 밀리기 않는걸 넘어 팽팽한 텐션을 이어간다는것임,elli****,2026.02.07. 03:00,235,19
6,"좋은 소재와 좋은 배우들의 연기력에 비해 낮은수준의 연출력이 아쉬움. 장이수와 참바다는 중복캐스팅, 과다한 애드립을 통제못하는 감독, 잦은 스토리의 끊김과 개연성 없는장면들.. 단종역은 별10개",esse****,2026.02.12. 11:24,306,94
5,빈약한 서사 허술한 각본 엉성한 연출 감동적인 연기,5min****,2026.02.16. 22:17,342,134
10,유쾌하게 시작했다가 엄청난 여운으로 끝나는 영화ㅠㅠ오랜만에 웰메이드 사극이라 꼭 극장가서 보는 거 추천합니다!,jo1h****,2026.02.04. 14:11,224,17
6,별점이 이렇게 다들 10점줄만큼 좋은영화인가요? 진심궁금합니다,glas****,2026.02.16. 17:46,375,168
10,오랜만에 극장에서 울고 웃었다. 과몰입해서 봤더니 여운이 길게 남는.. 설연휴 흥행작 나온듯,ram2****,2026.02.04. 11:33,227,21
10,와 정말 오랜만에 사극 재밌게 찍었네ㅋㅋㅋ 박지훈 연기 잘함,dldn****,2026.02.04. 11:59,215,17
6,배우들의 연기는 최고지만 연출과 편집이 뭔가 싶다.,toy_****,2026.02.09. 23:40,257,59
10,박지훈은 찾아보니 상업영화로는 첫작품이라는데 유해진과 유지태라는 대선배님들 사이에서 전혀 밀리지 않아서 놀랐어요 얼굴도 너무 왕족이심 그냥 단종 환생이심 너무 슬퍼요 홍위야 이번 생에는 행복해라ㅠㅠ... 배우님들 연기가 역대급입니다. ...,eunj****,2026.02.08. 17:13,205,9
10,홍위야 거기선 행복해야돼ㅜㅜ 박지훈 배우 눈이 넘 슬퍼요... 씬스틸러 막동이도 넘 귀여움,dec_****,2026.02.04. 14:29,208,16
6,"소신 발언할게요. 캐스팅 좋고 소재도 신선하며, 배우들 연기가 정말 좋았습니다만 이야기를 끌어가는 역량이 많이 부족합니다.. 아무리 모두가 다 아는 역사라지만 서사가 너무 얼렁뚱땅이었어요. 아쉬움이 남는 영화였습니다.",t1na****,2026.02.19. 11:10,232,48
10,아 재밌는데 가슴이 북북찢어지네요… 단종이 잘생겨서일까요…,brkk****,2026.02.04. 15:39,198,15
10,오랜만에 본 사극 진짜 만족스러웠다,hanv****,2026.02.04. 10:37,195,18
10,박지훈 눈빛연기는 최고 유해진은 역시 믿고 보는 배우 유지태의 한명회는 새로웠다 올해는 박지훈의 해가 될 꺼 같다,skc1****,2026.02.05. 01:04,181,10
6,전반적인 연출이 좀 촌스럽긴함,dolp****,2026.02.17. 21:46,224,56
10,박지훈 (단종)이 한명회 네이놈~~ 할떄 지렸다 진짜...,enki****,2026.02.07. 19:51,166,5
8,연기로 차력쇼하는 느낌,lor6****,2026.02.04. 14:54,182,23
10,역사가 스포라서 조금 슬펐네요 다들 연기 어쩜 그리 잘하시는지 같이 울고 웃다가 끝났어요 감동적이었어요 설연휴 시부모님 예매해드리려고요 재밌게 잘 보고 오실것같아요 재밌게 잘봤어요,coci****,2026.02.04. 14:09,170,20
10,앞으로 나에게 단종은 박지훈이다.. 약영 때부터 알아봤지만 진짜 그 눈빛...ㅜㅜ 굉장히 오랜만에 사극을 극장에서 본 거 같은데 아빠랑 N차 해야지ㅜㅜ,hsmi****,2026.02.04. 12:52,159,10
10,연기 미쳤고 음악 미쳤고... 왕사남 보고 나왔더니 사극 뽐뿌온다,debi****,2026.02.04. 13:56,167,18
10,"올해 울 거 영화보면서 다 울었네요.. 왜 장항준 감독님이 박지훈한테 '단종은 너여야만 한다'라고 한 지 알겠음. 실제 단종이 저랬겠다 싶고. 단종보다 더 단종같고, 단종의 환생같고.. 눈빛이 세상을 포기한 눈빛에서 왕의 눈빛이 됐을 때 온몸에 소름이 ...",eunm****,2026.02.10. 21:51,155,7
10,어린 왕 캐스팅 신의한수. 전미도 배우님도,jung****,2026.02.09. 11:49,152,5
10,"왕과 상민이라는 계급을 뛰어넘은 우정을 따뜻하게 그려낸 영화에요. 유해진 배우의 감칠맛 나는 연기와 유머러스함 덕분에 웃음이 나오다가도, 후반부로 갈수록 감정이 깊어져 주변에서 우시는 분들도 많이 보였습니다. 단순한 역사 영화가 아니라 ...",smal****,2026.02.04. 12:11,162,16
10,이 영화를 보는 117분 동안은 나도 이홍위의 삶을 잠시나마 함께 한 것 같았다.,pjh2****,2026.02.07. 05:51,150,6
4,소재 10. 연기 8. 연출 1. 호랑이 CG 0 (수사대상).,bhmi****,2026.02.15. 22:40,221,79
10,오랜만에 너무 좋은 영화를 봤어요 진짜 믿고보는 유혜진. 너무 감동이고. 배아프게 웃다가. 또 울다가 .. 집 와보니 눈이 퉁퉁 부어있네요 단종. 너무 마음이 아파. 슬프고 애잔하고 마음이 막막해지네요 눈이 사슴눈이라 더 슬퍼ㅜ집에왔는데도 여운이ㅡ...,simp****,2026.02.04. 15:21,149,11
8,영화 잘봤습니다 영화 잘봤습니다,king****,2026.02.04. 09:24,169,31
6,배우들 연기가 구린 연출을 구제함,gw2b****,2026.02.10. 19:17,212,74
10,"결말을 알고 가도 눈물이 나고, 가슴을 뜨겁게 만드는 영화. 여운이 길게 남는, 감히 올해 최고의 영화라고 칭할 수 있는 영화!!",hyj0****,2026.02.04. 13:40,146,15
10,단종 연기한 배우 몰입감 엄청나네,daff****,2026.02.07. 17:21,138,8
10,실현되지 못한 정의의 이면을 보다,thdn****,2026.02.04. 13:26,140,10
10,영화가 끝난 뒤에도 잊혀지지 않는 단종의 눈빛....,ragn****,2026.02.07. 20:48,133,4
10,두 배우가 밀고 당기는 구도가 기승전결을 이뤄요,gaeo****,2026.02.04. 11:51,141,14
10,오랜만에 극장에서 몰입하면서 봤음...ㅠ박지훈 연기 너무 잘하고 유해진은 말해 뭐해... 초반에는 막 웃겼다가 뒤에 가서는 개큰 감동..이렇게 찐 감동 받은게 얼마만인지ㅠ 명절에 가족들이랑 다 같이 보세요 개추!,eunx****,2026.02.04. 13:03,136,12
1,"세상이 구라치는 것 같음. 연출이 너무 구려서 내내 인상 쓰면서 봄. 개연성은 단종 밥이랑 같이 저기 어디 내다버렸고, 억지 눈물 짜내기에 급급함. 천둥번개, 호랑이, 비, 전투씬 그 어느 것 하나 퀄리티를 찾아볼 수 없음. (그리고 그 연출들이 이 영화에 ...",bin2****,2026.03.07. 23:57,207,84
10,박지훈 눈빛에 백만점드려요,tkah****,2026.02.14. 21:22,125,4
10,유해진은 뭐 말해뭐해 자신이 가장 잘하는 연기를 잘 보여줌박지훈은 기대를 안했는데 완전 박지훈의 재발견 단종 그자체였음마을사람들의 연기도 일품이었다 마지막씬에서는 눈물콧물 다쏟음ㅠㅠㅠ유지태 진심 개무서움 간신배같은 한명회만 보다...,dams****,2026.02.06. 17:06,130,9
10,처연한 단종의 표정이 압권,kd_b****,2026.02.06. 08:37,131,11
10,너무 기대돼서 조조에 보고왔는데 진짜 너무 재밌습니다 박지훈 연기력 정말 미쳤습니다 설날에 부모님 모시고 또 봐야겠습니다!,dudg****,2026.02.04. 12:22,132,12
10,그대 부디 그곳에선 평안하기를…2시간 동안 영월에 함께 있던 기분,hanb****,2026.02.04. 20:46,124,5
10,유해진님 연기력 최고에요 ㅜㅠ적극추천,kiri****,2026.02.04. 14:46,126,7
10,박지훈 배우.. 눈빛 어케 그래요..? 유해진 유지태 배우 연기야 말할 것도 없고 ㅠㅠ 간만에 영화관 갔는데 후회 없었어요.. 막판에 다들 훌쩍 훌쩍,di77****,2026.02.05. 20:59,126,13
6,진짜 연기가 살린 영화. 억지 연출 + 억지 신파. 뜬금 호랭이….. 쩝. ( 그러나. 단종과 유해진의 연기는 최고였음. 특히 해진이형. 연기가 물 올랐음). 추천을 한다면 유해진 연기를 추천하고 싶음,ljun****,2026.02.16. 11:58,133,21
10,배우들 각자의 연기가 좋아 몰입도가 좋았어요 특히 유해진배우의 연기는 웃음과 감동을 주네요 재밌게 잘봤어요,wind****,2026.02.04. 13:54,118,8
7,유해진을 대체할 배우는 없다,misu****,2026.02.07. 18:57,117,8
10,드디어 단종의 환생! 안구건조증 치료됐어요!,cool****,2026.02.06. 08:04,116,8
10,박지훈 너무너무 청초하고 연기도 훌륭했습니다. 눈빛이랑 호통치는 장면 계속 생각나요. 슬프지만 잘 봤습니다.,dext****,2026.02.05. 21:37,118,10
10,사실 장항준 감독의 영화가 이번에 꼭 성공하길 바라는 마음에 관심을 가지고 기다리고 있었어요.근데 영화가 진짜 좋습니다.. 우선 모든 배우분들의 연기가 좋았지만 박지훈 배우를 칭찬하고 싶네요.본적 없지만 실제 단종의 모습을 보는듯 했습니다. 자...,dore****,2026.02.09. 08:23,114,7
10,"오랜만에 배우들 연기가 돋보이는 작품을 만났네요 박지훈, 유해진 배우 연기 차력쇼 대박이에요.. 울고 웃고 시간가는 줄 모르고 봤어요 ㅋㅋ 가족들 다같이 보기에 좋은 영화입니다!!! 단종 관련 역사 이야기를 풀어놓은 내용이라 결말을 알면서도 조...",rlag****,2026.02.04. 13:03,116,9
10,박지훈과 유해진이라는 치트키를 썼는데 안 볼수가 없었다. 박지훈 눈빛이 그냥 단종 그 자체였고 유해진 특유의 유쾌한 개그는 매번 실패하는 법이 없다. 이번엔 마음 뜨뜻한 국밥케미까지 말아주심… 설연휴에 부모님과 보기에도 딱인 것 같고 사극 ...,fldn****,2026.02.04. 15:12,118,11
7,유해진은 예상했는데 박지훈의 연기는 빙의 수준이었다,roea****,2026.02.14. 21:32,117,12
9,"계유정란에 이은 단종 복위 운동 그리고 그 이후에 벌어진 일들을 역사적 상상력으로 채워 넣은 솜씨가 일품이다. 세종대왕의 손자였고, 문종의 아들이었던 단종. 조선시대 가장 완벽한 적장자였던 그가 열두살 어린 나이에 왕이 되고, 노산군으로 강등...",sgto****,2026.02.10. 17:38,110,6
6,연기자들의 연기는 훌륭했으나 스토리가 개연성있지않고 뚝뚝끊기는 느낌이었음,daka****,2026.03.06. 11:49,129,25
7,소문난 잔치에 먹을 것 없다고 기대를 너무 했나? 생각보단 별로 감동적이지 않았다. 박지훈 배우의 발견이 유일한 수확,blue****,2026.02.17. 22:54,145,41
10,단종에 대해서 잘 알게 된 영화 끝에는 눈물 줄줄 흘리면서 봤어요! 그렇게 어린나이에 명을 다했다니.. 너무 슬퍼요! 한명회역할의 유지태가 너무 얄미울정도로 연기자들의 연기가 훌륭했어요!! 단종역 캐스팅도 너무 잘 어울렸어요!,seni****,2026.02.05. 21:40,111,9
2,천만천만 부추기니까 궁금해서 보게되서 천만이 된거같음 너무 허접함,leer****,2026.03.06. 11:18,196,96
6,"솔~~~직히 천만영화 정도의 웰메이드는 아님. 그만큼 요즘 한국영화들이 경쟁력이 없다는 거겠지.. 배우연기력에 의존도가 너무 높음. 편집, 연출은 그리 뛰어나지 않음. 그냥저냥 나중에 OCN같은데서 해주면 자주 볼듯함.",loca****,2026.03.05. 19:09,130,31
10,어린 단종이 얼마나 무서웠을까 ㅜ,star****,2026.02.13. 12:55,105,7
10,"단종에 대한 재해석, 단종도 왕이었다.",ju91****,2026.02.10. 21:10,103,6
10,개슬퍼요 박지훈 연기 너무 잘함!!!!,hmmo****,2026.02.08. 17:07,103,6
10,장항준 감독 특유의 묘한 따뜻함이 묻어나오는 스토리..이번에도 역시나 좋았고 특히 박지훈 연기 보는 내내 소름이 쫙..단종듀스 일등 다웠음 ㄹㅇ,gang****,2026.02.04. 12:52,107,10
10,솔직히 연출 매끄럽지 못했을수 있음 cg좀 별로 일수도 있음 근데 걍 연기가 미침 눈빛이 미침 걍 티켓값하나도 안 아까움 집에서 보면 넘겨보고 뭐하면서 보고 하면서 이 감동 못 느꼈을듯,star****,2026.02.13. 11:55,101,5
8,연출은 좀 후져요. 흐름도 끊기고 개연성도 부족하고 뜬금없는 갑툭튀에 CG도 처참..하지만 배우들의 명연기가 마음을 울리고 돈이 하나도 아깝지 않았습니다.단종의 눈빛에 몇날 며칠 마음이 아픕니다 ㅠㅠ,rain****,2026.02.19. 12:25,107,11
1,"천만 찍었다고 해서 되게 기대하고 보러 갔는데, 그냥 감초배우들 애드립으로 범벅된 신파극 느낌. 주인공들 감정선을 도저히 따라갈 수 없는 빠른 전개가 매우매우 아쉬움. 2-3시간 짜리 영화라 어쩔 수 없다고 하기엔 다른 천만 영화들은,, 단종은 유배...",dbd0****,2026.03.08. 19:22,178,82
10,"처음볼 땐 유해진 연기에 ""역시다"" 하고 보는데 그 다음 박지훈 연기에 ""우와~~""하게 되는 영화입니다. 진심 상줘야 합니다. 배우분들 목소리는 또 어찌나 좋은지 극장에서 호강했 습니다 끝난 후 자막보는 데도 슬프고 여운이 남았습니다",nakl****,2026.02.04. 22:31,101,6
10,박지훈 연기 발성 너무 좋아서 살아돌아오신 단종대왕같습니다!,name****,2026.02.06. 00:47,100,8
9,"유해진 배우가 다한 영화!박지훈, 전미도, 유지태 모두 좋았지만 유해진 이라는 배우가 없었어도 이만큼 흥행했을까? 하는 의문이.그럼에도 불구하고 스토리가 매우 좋아서 꼭 많은 분들이 보셨으면 합니다.",dake****,2026.02.09. 05:44,98,7
7,"광해, 관상이 정말 잘만든 사극영화구나 하는 생각이 들었음",2198****,2026.02.21. 22:28,116,26
10,배우들 연기가 미쳤어요 눈물 줄줄남,just****,2026.02.04. 14:20,94,7
10,전 이제 박지훈 배우가 단종으로 밖에 안보입니다 영화 중반까지는 웃으면서 봤는데 후반부터는 진짜 계속 울었음 여운 엄청 남고 재관람 의향 백프로 안봤으면 후회할 뻔,shin****,2026.02.07. 01:38,93,8
10,"개봉일에 영화를 보고 여운이 짙게 남아 단종에 관한 기록들을 찾아봤습니다.. 실제로 단종이 겪었던 일들과 엄흥도에 대한 자료들을 읽고 이 영화를 재관람하니, 단종에 대한 안쓰러운 마음이 이루말할 수 없을 정도네요. 너무도 어렸던 인간 이홍위를 ...",jibt****,2026.02.05. 22:47,94,9
8,"유해진형님이 8팔이다. 유지태 벌크업하면서 제대로 악역했다. 잘 아는 조연들도 재미진 몫을 다 하시었고, 전미도는 극적인 양념역할에 충실하게, 걱정되었던 단종 역은 연기가 무시 못할 정도 잘 함.",yuli****,2026.02.06. 22:03,89,6
10,"우리나라 역사에서 단종에 대한 포커스가 희안하게 잘 없었던 것 같습니다. 세조의 잔혹함이 세조 다음 예종 등의 후왕들로 인해 당시에 잘 가려졌다해도 이제는 드러나야할 것입니다. 단종이 폐위되었을대, 사육신과 민심들이 당시 어디로 기울었는지, ...",gusd****,2026.02.14. 21:03,86,4
10,박지훈 눈빛 미쳤다... 오랜만에 누군가에게 보라고 추천한 영화,nj57****,2026.02.05. 23:38,89,7
10,"명절에 부모님 모시고 N차 ""갑니다""",suda****,2026.02.04. 12:34,93,11
1,솔직히 너무 과대평가 됐다...,tony****,2026.03.01. 00:09,169,87
10,"오랜만에 시간가는줄 모르고,,, 시간이 안갔으면 하는영화였씁니다.. 배우들 연기 미쳣구여 .. 특히나 박지훈배우님은 정말정말 기대 이상이엿어요 … 지금 박지훈배우님께 빠져서 … 다른 작품들도 찾아보고 있습니다. 영화관가서 다시볼예정입니다",skyl****,2026.02.09. 12:56,85,4
6,배우분들 연기는 너무 좋았지만... 연출이 아쉬웠어요..,kjgn****,2026.02.09. 15:47,115,36
6,하 연출이 아쉽다.. 너무 내용 알맹이가 없고 개연성없고 계속 눈물만 나게 만드려고 만든 영화같음,mini****,2026.03.09. 08:38,116,37
10,유지태씨의 재발견..! 박지훈씨의 아련한 눈빛과 주연/조연 할 것 없이 연기력이 출중함. 시간가는 줄 모르고 보다 보니 어느새 상영 끝.. 호랑이 빼고 모든게 완벽함♡,blin****,2026.02.06. 22:18,82,4
9,연기력과 스토리가 찰떡,wkdw****,2026.02.04. 12:37,88,10
10,박지훈 뭐져? 연기 왜케 잘하나여? 워너원은 가수아님? 워너원인데 연기 왜케 잘히져? ㄷㄷ 유해진 횽님도 박지훈땜에 마지막씬도 나올 수 있었다고 극찬하고 아끼더라고여 후 여운이 짙습니당,hiph****,2026.02.07. 22:08,81,4
10,박지훈배우의 재발견이네요. 너무 맘이아팠어요.,seoj****,2026.02.09. 22:53,82,6
8,동물 CG가 아쉽지만 장항준 감독 최고작이 나온건 확실하다.,movm****,2026.02.10. 19:50,84,8
10,장기흥행예상!! 이런게 영화지!!,smil****,2026.02.07. 03:28,85,9
10,오랜만에 제대로 된 사극 본것 같아서 반가웠음. 역사책을 찢고 나온 듯한 유해진 박지훈 연기가 압권이었음. 웃다가 오열했네 ㅠㅠ,swon****,2026.02.04. 12:32,86,11
1,"천만 관객은 물타기, 평점은 우리나라 사람들 영화 보는 수준이 낮은게 아니면 사기. 특히 요즘 컴퓨터 그래픽 기술로 이렇게 허접하기 짝이 없는 호랑이씬은 손발이 오그라들만큼 충격적.",jool****,2026.03.09. 04:04,146,71
10,마지막 10분은 그냥 눈물 줄줄입니다,msh2****,2026.02.05. 08:00,79,5
7,연기력으로 볼만한데 뭔가 심심한 느낌임...,mins****,2026.02.06. 21:01,102,30
10,"진짜 단종은 박지훈이여만 했다.. 진짜 왕사남 많이많이 봐주세요 지훈아 이런 작품, 이런 연기 해줘서 너무 고마워 진짜 너무 자랑스럽다 내새꾸",ksj0****,2026.02.06. 23:05,75,4
10,박지훈 말고는 단종을 상상할수도 없다. 정말 역사책에서 묘사된 그대로의 모습.그 눈빛을 오랫동안 기억할듯하다.,jong****,2026.02.09. 23:12,77,6
2,이게왜천만이지;;;,dlwo****,2026.03.09. 01:33,139,69
10,처음으로 개봉일 기다렸던 영화였는데 기대 이상이였고 단종은 박지훈이여야만 했다는 말 그 의미를 확실히 알겠더라 지금까지 본 영화 중 최고였어!!,sjlo****,2026.02.04. 18:25,75,6
5,"한국 사극 영화에는 이미 몇 개의 높은 산이 있다.〈왕의 남자〉, 〈광해: 왕이 된 남자〉, 그리고 〈관상〉.이 영화가 그 작품들과 나란히 놓일 수 있을까. 글쎄…어쩌면 이 영화는 앞서 말한 작품들과 같은 결의 사극이라기보다는,〈해운대〉나 〈신과 함께〉처럼 ...",haye****,2026.03.07. 13:00,91,22
10,박지훈 눈빛만 봐도 슬퍼지고 유해진 목소리만 들어도 눈물남 ㅠㅠㅠㅠ,miss****,2026.02.08. 21:17,72,4
6,"진짜 평균 9점이 맞아요?뭔가 서사두 많이 부족하고,단종과 보수지기간의 끈끈함도 이해가 안되고영화 다 본 이후에 진짜 재밌는 게 맞나라는 생각이 들던데",park****,2026.02.22. 16:49,112,44
2,공감이 전제된 역사적 비극 위에 배우의 열연을 보란듯이 얹어놨으나 완성도는 평균 이하..표현은 진부하고 구성은 엉성하며 연출은 무성의함.,ruby****,2026.03.01. 18:16,136,68
10,단종오빠 사랑해요...,yhs0****,2026.02.14. 01:47,73,6
8,패배는 나약함의 동의어가 아니다,free****,2026.02.05. 01:32,74,7
10,"왕과 사는 남자 첫날 바로 보고 왔는데, 생각보다 훨씬 편하게 잘 봤어요! 좋아하는 배우들 나와 갔는데 역사 영화라 처음엔 살짝 긴장했는데 막상 보니까 흐름이 부드럽고 인물 관계가 중심이라 금방 몰입된? 감독 역량이 너무 좋았습니다. 어린 단종이...",kim2****,2026.02.04. 13:28,75,10
9,약간의 어설픔이 있음에도 배우들의 연기로 모든것을 커버한다. 박지훈은 이제 최고의 배우가 될 준비를 마친듯.,kbsa****,2026.02.07. 10:21,69,5
10,저는 cgv vip인데요..그의 나온 영화는 80프로이상 극장가서봅니다..재미없는 영화라도..와 이번 왕과사는 남자는 유해진의 연기력에반하고 박지훈 배우의 눈빛연기에 반합니다예전 진주만때 밴에플렉의 눈빛하나에 열번을 봤더랬죠...박지훈 배우의 ...,lk03****,2026.02.04. 17:08,69,5
10,"진짜 가족들이랑 설에 가서 보기 좋을 것 같은 영화! 웃다가, 울다가 두시간 순삭-!연기도 좋고 이야기도 좋아서 재밌게 봤어요!",d_dy****,2026.02.04. 11:44,73,9
1,꽤나 실망스러웠습니다 천만 달성한 작품 빼놓지 않고 모두 보았는데 조잡하다는 느낌은 이번이 처음이네요. 원하는 장면이나 감정선을 만들어내려고 시대적 상황에 맞지 않는 대사나 상황이 자꾸 연출되니 몰입이 안되고.. 좋은 스토리 소재를 이렇...,rlaw****,2026.03.08. 06:49,137,74
10,박지훈 눈빛에서 ㄹㅇ 모든 게 느껴짐....,yoon****,2026.02.13. 12:50,68,6
10,역사가 스포여도 하염없이 눈물이 나 하염없이 서글퍼져,hyom****,2026.02.06. 07:26,69,7
6,감독은 유해진한테 큰절올려라...,chae****,2026.02.15. 21:11,81,19
6,"개인적으로 스토리나 개연성이나 연출은 그닥, 주연급 배우들의 연기력이 영화를 살렸네요. 배우들의 연기력으로 영화는 재미있게 봤습니다.",bman****,2026.03.09. 06:52,67,6
10,"박지훈 연기 이번에 처음 보는데 생각했던것보다 너무 잘함. 얼굴도 잘생겼는데 연기가....유해진배우랑 합도 좋고, 대선배랑 같이 연기하는데 절대 부족해보이지 않고 틈이 없었다.진짜 단종 그 자체임.영화 자체도 너무 좋음.단종과 엄흥도 이야기 너무 ...",yeon****,2026.02.05. 12:12,68,7
10,결말을 알고 보는 영화는 흥미가 없지만 단종이야기에 끌리고 예고편 보고 끌려서 보고왔음 중간중간 웃을때 다같이 웃고 마지막엔 다같이 울고 (난 눈물콧물 개진상오열쇼)극장나와서 택시타고 가는데 사연있는 여자됨 먹먹한 여운이 남네 유해진 배...,jey2****,2026.02.04. 15:17,68,7
10,유해진 박지훈 연기가 아주 좋네요영화내내 웃기다가 먹먹한 감정으로 파고드는 영화.,luna****,2026.02.04. 13:27,69,8
10,호랭이 cg빼고는 완벽,blue****,2026.02.09. 08:09,69,9
4,너무 기대가 컸던듯.. 천만이 갈만한 수준은 아닌듯한데 이영화로 천만을 가는거보면 장감독의 사주가 진짜 좋은가봉가,sson****,2026.03.07. 12:52,84,24
2,유해진 연기 원맨쇼 그외 억지신파 볼거없음,grgk****,2026.03.08. 15:52,114,54
10,여운이 장난아님....보고있을때보다 집에와서 더생각남 한번더 볼꺼예요,brit****,2026.02.10. 19:44,65,6
10,1차 관람시 그냥 내용에 몰두하며 웃고 울며 보고 집에 와서는 계속 생각이 났어요… 단종의 박지훈씨 눈빛 연기가 다시보고 싶어서 다음날 다시 2차 관람을 했는데 엄흥도와 단종의 감정선에 좀 더 집중하며 보았는데 두번째 봐도 재밌고 내용을 알아...,ange****,2026.02.07. 22:57,65,6
10,눈물 참는 연기에 실패. ㅠㅠ,wwej****,2026.02.04. 13:27,70,11
8,"솔직히 배우들 연기가 전부인 영화.연출, 음악 모두 아쉽다",pcwn****,2026.02.17. 23:48,63,5
6,좀 더 잘만들 수 있는 영화를 툭툭끊기는 연출과 억지코믹요소들이 재를 뿌린것같다. 배우들의 연기력으로 하드캐리한 영화. 개인적으로 유지태가 제일 좋았음.,muki****,2026.03.03. 22:09,87,29
3,대체 이게 왜 천만..? ?,pbch****,2026.03.08. 19:47,125,67
10,ㅜㅜㅠ 단종 안아....,ssky****,2026.02.12. 08:00,64,9
10,"유해진 배우는 특유의 인간미와 노련함으로 극의 중심을 단단하게 잡아준다. 가볍게 웃음을 주는 순간에도 인물의 내면이 느껴지고, 진지해지는 장면에서는 한순간도 허투루 흘리지 않는 감정의 무게가 전해진다. 박지훈 배우의 연기도 인상 깊었다. ...",cjst****,2026.02.05. 02:20,59,5
6,"너무 기대를 많이 한 탓인지 그냥 그랬음.. 배우들의 연기는 좋았지만 억지신파를 끌어내려고 하는 느낌이 들었고, 인물서사에 이입이 어려웠음.특히 엄홍도 캐릭터.",clea****,2026.03.08. 18:38,81,27
10,"전 국민이 다 알고 있는 결말이라 별 감흥이 없겠거니 하고 보러 갔는데 이상할 만큼 가슴이 먹먹하고, 돌아와서도 단종의 눈빛이 떠올라 재관람 예정입니다. 연휴에 가족끼리 보기에도 좋을 듯해요. 두 배우가 강에서 찍은 포스터가 이 영화의 모든 것...",knul****,2026.02.10. 08:12,60,7
6,아.. 솔직히 실망요. 스토리나 연출이 너무 유치하고 촌스러워요. 그나마 배우들연기가 괜찮은데 너무전형적인 인물로 연기해서 감독의 역량이 거기까진가 싶네요.,d831****,2026.03.08. 17:45,84,31
4,"극장까지 가서 볼 영화는 아니였다고 느꼈다. 연기는 모자람이 없지만, 뻔함에 감동을 찾기는 힘들었다. 언론의 떠들석함을 채우지 못한 영화라 평가한다. 언론이 만들어 낸 기대감으로 인해 평가점수는 높이 주기가 힘들다. 안방에서 티비를 통해 보면 ...",back****,2026.03.08. 22:04,109,56
10,"유해진 박지훈 둘 다 연기 도랏,, 예전 흥행 시절 한국 영화 생각도 나고,, 아는 맛이지만 오랜만에 옴청 잘될 것 같음",cogi****,2026.02.04. 13:06,61,9
10,일단 믿고보는 배우들이라 기대하고 봤는데기대 이상으로 재밌어서 너무 웃고 감동 포인트도 있어서 울고 나왔네요… 박지훈이 단종 캐릭터인거 진짜 미친(p) 캐스팅 ㅠㅠ 눈만 봐도 눈물이 나와요 그냥 ㅜㅜ이번 설날에 가족끼리 또 보러 가려구요~ ...,osuj****,2026.02.04. 15:07,63,11
1,너무 별로였음..박지훈 연기만 좋았는데유해진은 장항준감독 빙의된듯 시끄러웠음..전반적으로 너무 작위적이었다고 느낌.이게 천만이라는게 믿기지 않음,yoon****,2026.03.08. 03:48,107,55
10,믿고 보고 유해진배우님게다가 신예 박지훈배우도 다시 눈길이 가더군요 가슴이 미어지는 ㅠ아는 역사인 데도 불구하고,beau****,2026.02.04. 18:38,58,7
10,"후유증 영화...,넘 슬프네요.ㅠ",gskb****,2026.02.05. 00:37,59,8
10,세조 개 쓰레기!!! 개빡치네 진짜,eyss****,2026.02.05. 21:33,60,9
6,왕과 촌장이 눈물 날 정도의 교류가 있었는 지 좀 의문이요...연기는 다 좋았어요,djaa****,2026.03.08. 17:52,73,22
6,솔직히 말해서 어느 지점에서 오열을 할만큼 슬픈지 하나도 모르겠어요. 그만큼 감정을 이끌수 있는 전개가 너무 부족하고 띠엄띠엄 스토리가 너무 빨리 전개되다가 마지막에 후다닥 끝나버리는 기분이었어요. 대사 속 코믹요소도 억지가 넘 많아서 오...,just****,2026.03.02. 20:53,109,58
10,"예고편을 보고 그동안 역사에서 제대로 다루지 않았던 단종의 이야기라는 알게되어 기대하고 봤는데 큰 스케일이 아님에도 배우들의 뛰어난 연기와 적절한 서사 전개로 지루할 틈이 없었습니다. 특히, 유지태의 진중함에서 나오는 카리스마, 유해진의...",lcr2****,2026.02.05. 20:55,56,6
10,"역사책 찢고나온 유해진배우님과 단종의 환생 박지훈배우의 연기가 끝내줍니다. 마치 그냥 실존인물들이 되….웃음도 있고, 감동도 있습니다.오랜만에 극장에서 돈아깝지 않은 영화 봄",00ma****,2026.02.06. 07:57,56,7
9,단종 박지훈 연기 보는 것만으로도 만족. 슬픔이 깃든 눈빛 감정 연기 진짜 잘함,dalk****,2026.02.04. 19:16,56,7
10,와~이것은 단종의 환생이다! 별 기대없이 유해진팬으로 보러 갔는데..박지훈의 눈 연기에 박지훈 팬 하기로..단종이 환생하여 아이돌로 사랑받는 기분. 난 그렇게 생각하련다~,ice7****,2026.02.13. 09:54,54,6
10,"주연,조연 따질꺼없이 모든 배우들 조합이 너무좋습니다. 2시간 넘는시간동안 조선시대여행한 기분입니다. 꼭 영화보세요",sant****,2026.02.10. 08:23,54,6
10,모두가 준비하고 있던 마지막인데.. 저항없이 터져버렸다.,play****,2026.02.11. 00:23,55,7
10,누가 주연이고 누가 조연인지 따지는 게 무의미할 정도로 배우진들의 연기력이 엄청 났다.오랫만에 시간가는지 모르고 울고 웃었다역사를 잘 몰라도 거부감 없이 어렵지 않게 영화에 몰입할 수 있었다.,shd1****,2026.02.05. 22:07,53,6
8,연출이 드라마 느낌이 들어 아쉽지만 배우 연기가 먹여살린 영화다. 특히 유해진과 박지훈의 연기는 마음을 울린다. 잘 봤습니다,love****,2026.02.07. 09:22,55,8
10,유해진 남우주연상 받아야겠네,runs****,2026.02.14. 21:05,51,5
10,박지훈 눈빛…… 단종이 아닐수 없다..,numn****,2026.02.09. 21:09,51,5
10,지금까지는.. 단종의 슬픈 역사를 알고있었지만 굳이 들춰보고 싶지도 많이 알려고도 하지 않았다..마음이 아플거라는 무언가의 느낌 때문에?.. 영화로 보면서 어떤 역사도 잊지 말아야 겠다는 생각이 들었다..단종도 그 억울함을..후세에 알리고 기억되...,kang****,2026.02.14. 01:11,52,6
8,역사가 스포일러지만그래도 눈물이나는건 단종의 삶이 너무 안타까워서이지..유해진.박지훈 연기 잘하네…,kkj2****,2026.02.05. 10:26,52,6
10,유해진 배우가 박지훈 배우에게 극찬하는 모습과 장항준 감독이 왜 “너여야만 해”라고 이야기 했는지 알 수 있는 영화였다. 박지훈배우의 눈동자에선 깊은 울림을 주는 것 같다. 보고만 있어도 눈물이 나올 정도로 슬픔이 담긴 눈동자였다.,tlqk****,2026.02.08. 12:48,52,7
10,아니 처음엔 웃기더니 갈수록 슬프고 진짜 사극에 몰입되어서 보기는 오랜만 같아요설연휴에 뭐 볼지 고민된다면 진짜 추천드려요!,bora****,2026.02.04. 12:14,53,8
10,보고 있으면 절로 단종의 백성이 됨. 단종이 내 임금임. 식사 하시는 것만 봐도 눈물이 남. 어떻게든 복위시키고 싶음ㅠㅠㅠ 가슴이 미어진다. 단종이 박지훈으로 환생했다고 믿고 싶을 정도,sina****,2026.02.08. 19:53,49,5
10,근래 본 영화중에 제일 감명깊게 봤고 여운이 남았던 영화였네요.배우들의 연기력이 영화 몰입에 정말 큰 몫을 했고 연출은 말뭐..ㅠㅠ눈물 뚝뚝 흘리면서 너무 잘 봤습니다. 이번주에 또 보려구요.좋은 영화 만들어주셔서 감사합니다.,tnwj****,2026.02.09. 08:55,50,6
10,배우들 연기가 너무 좋습니다. 스토리도 이때까지 알지 못했던 것을 풀어서 좋았구요. 박지훈 연기는 진짜 너무 좋았네요,joyu****,2026.02.05. 21:34,50,6
10,박지훈 약한영웅만 봤는데 연기가 참 좋네요,know****,2026.02.06. 10:16,51,7
6,기대 많이 했는데.... 연출력이 역시....유해진님 연기로 하드캐리,lucy****,2026.03.01. 20:14,75,31
10,배우들의 합이 좋고. 스토리 결말이 여운이 많이 남아요. 오랜만에 극장서 진한 감동 있었습니다. 가족과 보기 좋은 영화,los9****,2026.02.04. 11:51,48,5
10,크게 거슬리는 거 없이 보기 좋은 영화 휴지 챙기세요,sins****,2026.02.14. 02:17,49,6
10,"초4 고2 곧50대 셋이 보고 셋다 울다나왔습니다.눈빛만으로도 애닳음을표현하는 박지훈배우,그시대에 살았을법한 연기달인 유해진님, 스크린으로 허공주먹질을 하게만든 유지태님. 단역배우님들 모두 함께 만들어낸 명작입니다",doye****,2026.02.06. 15:04,49,6
9,분명 단점들이 있는데 장점이 잘 가려준다. 연기들이 참 좋다,roro****,2026.02.04. 20:56,47,5
10,만점짜리 영화는 아니지만 자꾸만 생각납니다ㅠ 아아 단종대왕님...,hjal****,2026.02.05. 10:29,52,10
2,워낙 단조로운 내용을 두시간짜리 영화로 잡아늘여놓으니.. 도대체 농축된 대사 한마디 없고 유해진의 개인기에 기댄 영화. 사실 코로나 이후 영화시장이 너무 안좋아져서 한국영화고 외국영화고간에 도대체 볼게 없고 오직 이게 그나마 나아서 본건데 ...,stil****,2026.03.08. 23:20,105,63
1,천만영화는 절대 아닌거 같아요 그냥 평범하네요 베스트 댓글은 솔직히 믿지마세요 기대하지마시고 앵간히 볼영화가 없어서 천만 본거라 생각됩니다 이게 평점9점?....지루합니다 많이,happ****,2026.03.09. 00:06,133,91
2,하아..나 쌉F여서 손수건까지 챙겨갔는데...대체 어디서 울어야하는거지 계속 기다리다가…개연성 서사 밥말아먹는거 보고 어이없어 웃음터지는거 참으면서 봄 다른 건 다 그렇다쳐도 조선시대인데 일반 양반과 머슴도 신분이 하늘과 땅 차이인데 정통 사...,agni****,2026.03.06. 21:40,185,143
10,"단종을 위한 영화라고 생각했어요. 후대 사람들이 관심 갖게 되고 마지막에 영월 사람들과 관계맺음으로써 애민이 무엇인지, 통치자가 어떠해야 하는지 보여 준 것 같아 하늘의 단종이 고마워 하지 않았을까 생각되네요. 영화 보면서도 많이 울었지만 끝...",nden****,2026.02.13. 07:37,45,4
10,"오랜만에 영화보고 울었다.어떤 나으리와 촌장이야기, 그냥 좋더라.내가 할 수 있는 것은 주변에 추천할 뿐이다.",wkwn****,2026.02.09. 09:37,46,5
10,박지훈의 재발견유해진 연기 잘하는 거야 다 알고 있고박지훈의 깊은 눈빛 연기 못 잊겠다앞으로 스크린에서 자주볼 수 있었으면 좋겠다,tjsa****,2026.02.08. 21:26,47,6
9,"근 몇 년간의 한국영화들 중에서 손에 꼽을 정도로 만족스러웠던 작품. 초반부에는 재미를, 후반부에는 몰입과 감동을. 무게감 있는 유지태 배우를 비롯 모든 배우들의 연기가 인상적이지만, 유해진 배우의 차력쇼가 가장 인상적.. 앞서 언급한 초반 재...",yuna****,2026.02.05. 21:55,51,10
10,단종을 삼켜버린 박지훈과 엄흥도를 완성한 유해진 두배우의 연기 차력쇼 후손들이 단종대왕님께 보내는 600년만의 제사,huki****,2026.02.24. 11:50,42,2
10,아쉬울 순 있어도 단종을 주역으로 내세운 것 만으로 만점 영화,stal****,2026.02.09. 09:50,44,4
10,오랜만에 어머니랑 같이 영화관에서 관람했습니다. 역사적으로 잘 알려진 인물들의 이야기이다보니 가족들이 함께 이해하고 즐길 수 있는 스토리였습니다. 곳곳에 재미있는 유머 포인트에 몰입감이 느껴지는 영화 스토리로 지루함없이 계속 집중해서 ...,dst0****,2026.02.05. 23:34,45,5
10,스토리 연출 연기 빠지는게 없는 영화다. 남편과 반차내고 보고 왔는데우리의 소중한 반차가 아깝지 않았다. 남편은 펑펑 욺 ㅠㅠ,miss****,2026.02.14. 07:28,47,7
10,많은 사람들이 봤으면 좋겠습니다,si90****,2026.02.10. 04:25,48,8
7,cg 퀄리티에서부터 약간 몰입감이 떨어지고 시작해서 그런지 인물들의 깊이는 좀 얕은 느낌을 느꼈음. 그런데 배우들의 연기가 다시 몰입감을 올려주었고 신파적인 부분이 중후반까지는 심하지 않다가 극 후반에 심해지는데 영화 내내 슴슴했다가 제...,tomg****,2026.03.06. 05:27,58,18
6,유해진 연기 말곤 그다지...왜 천만인지 이해안감,umks****,2026.03.06. 11:39,88,48
10,"유해진님 연기 진짜 예술이고, 박지훈님 눈빛.미소 잊을수 없어요 (너무 울어버림ㅜㅜ) 바로 인스타 팔로우했어요ㅋㅋㅋ유지태님 목소리 진짜 좋아요 영화를 보고나서 단종의 이야기가 너무 궁금해서 집에와서 역사 공부를 하는중입니다!!",dooh****,2026.02.09. 13:54,42,3
10,단종 눈만 떠올려도 눈물이 나는 지경ㅠ 엄흥도 이홍위 행복한 장면 에필없나요... 웃다가 너무울어서... 진짜 재밌게 봤습니다 엄마도 좋아하세요,love****,2026.02.07. 20:06,42,3
3,연출과 내용이 아주 루즈했습니다...,pass****,2026.03.08. 23:23,100,61
10,박지훈배우 발견! 유해진배우 때문에 내가 울 줄이야ㅠㅠ 개밤티CG 싹 잊게 해주는 배우들의 연기 차력쇼쇼쇼,511m****,2026.02.09. 11:34,41,3
10,"박지훈 배우, 유해진 배우 연기가 너무 감동이였습니다. 한번 더 보고싶은 영화예요! 박지훈 배우님이 단종이여야해 하는 이유를 너무 알 거 같아요. 감사해요.",4130****,2026.02.13. 12:57,44,6
10,큰 기대를 하지않고 봐서인지 좋았네요. 유해진배우는 원래 잘하는분야의 연기의 정점을 찍으셨고 유지태배우 악역인데 그 어마어마한 위압감에 관람객도 숨죽이게 하네요. 박지훈배우 앞으로 20년은 박지훈의 단종을 이길 배우가 안나올거 같습니다. ...,koro****,2026.02.05. 12:15,45,7
6,천만 관객이라고 해서 봤더니..ㅡㅡ우리나라 영화가 얼마나 볼게없으면이런 평범한 영화가 천만 이라니 그게 안타까워요ㅡㅡ,wjdw****,2026.03.08. 14:02,132,94
10,마지막을 알면서도 다르길 바라게 되는 영화,rnwn****,2026.02.18. 00:34,40,3
10,"웃음과 눈물을 억지로 섞은 게 아니라 배우들 연기가 너무 찐이어서 자연스럽게 따라가게 되는 공연이었어요.역사를 알고 가면 더 아프고, 몰라도 충분히 울게 되는 작품인듯해요 넘 재밌게 봤아요!!",yeah****,2026.02.09. 09:16,40,3
10,시간가는줄모르게 흠뻑빠져서봤네요 배우분들 연기력최고였고 박지훈눈빛이너무슬퍼서 안울수가없었던..ㅜㅠ 아역배우출신이라 연기잘하는건알고있었지만 이번에도 너무 잘해내서 감동!! 유해진님연기야말할것도없고..!!,sodu****,2026.02.05. 08:20,40,3
10,인생 살면서 처음 쓰는 평점이네요. 마지막은 정말이지 놀라울 정도의 연기였어요. 크레딧 다 올라갈때까지 못 일어난 건 오랜만인거 같습니다.,next****,2026.02.07. 00:07,42,5
10,극장서 오랫만에 영화를 봤는데 특히 한국영화. 역사 좋아하고 연기 미쳤다는 평에 반신반의 봤는데 진짜 연기 찢었다. F아닌데 시작하자 마자 단종표정보고 그냥 눈물이 났다. 유해진님은 그냥 그 자체. 다 역할에 빙의된 듯. 중반까지는 코믹스러움에 ...,rech****,2026.02.09. 01:01,43,6
10,영화 많이 보러 다닙니다.. 진짜 근 n년간 극장에서 본 영화 중에 가장 재미있었습니다. 시간 가는 줄 몰랐어요.! OST가 아예 없었다는 것도 다보고 알았네요. 꼭 극장에서 관람하시길 바랍니다.,dkfl****,2026.02.18. 03:10,46,9
10,연출에 대한 불호 후기를 봤었는데 솔직히 그정도 아닙니다 딱히 거슬리거나 하는 부분도 없었고 물론 후대에 전해질 희대의 명작 << 이건 아니지만 좋은 소재와 무난한 연출에 좋은 연기가 더해진 꽤 잘 만든 영화였어요 저는 몸 들썩이며 울면서 봤...,agus****,2026.02.09. 12:19,46,9
10,모든 배우가 찰떡같이 소화해냄 유약하지 않은 단종이 너무 좋았다 세조 OOO,ayos****,2026.02.05. 09:25,39,3
10,단종이 박지훈을 기다렸다,jd11****,2026.02.15. 00:23,40,4
10,오늘 엄마랑 같이 보고 온 영화입니다. 일단 세조묘에 침 뱉고 시작할게요. 한명회는 이미 연산군이 줘패버려서...처음에는 미친듯이 웃다가 끝에가서 광광울고 불어터진 눈으로 극장을 나서게 되는 영화네요. 박지훈 배우 다시 봤습니다. 박지훈 배우 ...,mari****,2026.02.13. 16:58,40,4
10,관상 이후 가장 대중적인 사극 영화,kdbi****,2026.02.07. 23:04,40,4
1,평점에 속았다 세상이 나를 속이는게 분명하다. 영화관이 망해가니까 이렇게 사람들 속여서 보게 하는건가,rhkd****,2026.03.08. 21:22,124,88
9,보고 난 후 심각한 왕사남 중독입니다…. 됐구엄흥도와 이홍위의 관계성도 좋고 특히 박지훈 배우 연기가 가슴을 절절하게 만드네요,pch3****,2026.02.13. 23:54,41,6
10,"정말 오랜만에 n차 관람하고 싶은 영화, 후유증이 심해서 새벽까지 단종에 대해 생각하게 됩니다. 감동과 재미 둘 다 잡았어요. 박지훈 배우님..정말 캐스팅 잘 된 것 같아요 단종 그 자체라 더더욱 슬프고 몰입됐습니다.",imch****,2026.02.15. 05:49,42,7
10,얼마나 추우셨습니까~!!!따뜻한 곳으로 가시죠..이제 ㅜㅜㅜㅜ따뜻한 곳으로 모시고픈 마음과 마음들이 모여 천만영화를 이룬 듯..,skyp****,2026.03.06. 23:18,44,9
2,왜 연출이 별로라고 했는지 알게 됨. 이런 영화가 천만이 넘어도 되나 싶음. 좋은 배우들로 이정도의 연출이라니... 정말 별점 하나도 아까운 영화...,yujs****,2026.03.10. 12:07,124,89
10,유해진 대체불가 연기 짱 좋아요,juha****,2026.02.13. 10:25,37,3
10,단종의 서사를 그린 영화나 드라마는 없었던 것 같은데 스토리도 좋았고 다들 연기력이 너무 좋아 몰입이 더 잘 됐음. 가족끼리 보기 좋은 영화로 추천,eheh****,2026.02.09. 12:29,37,3
10,너무 슬픕니다…. 배우분들 연기 특히 박지훈님 단종이 환생한 것 같아요…,iren****,2026.02.07. 01:08,37,3
10,배우들 연기가 너무 좋았음 그래서 한번 더 보고 싶다ㅠㅠ 각색이 됐겠지만 진짜 있었던 일이라 생각하니 더 슬펐음,toi_****,2026.02.14. 21:08,38,4
10,박지훈 그냥 흔한 아이돌 출신인줄만 알고 제대로 몰랐는데... 정말 다시 봤어요. 차근차근 다져온 연기력이 좋은 작품을 만나 빛을 발하네요. 정말 단종을 보고 온 기분입니다.,dusl****,2026.02.12. 20:50,38,4
10,진짜 박지훈 눈빛이 개연성이다..유지태 배우 박력에 놀랐어요!올라간 눈꼬리만큼 표독 +100손수건챙겨서 영화봤는데 손수건 다젖도록 울었습니다ㅠㅠ 시간가는줄모르고봤어요 정말??,whgu****,2026.02.11. 19:18,38,4
10,다른배우들 연기 잘하는건 다 알고있었지만 박지훈이 이렇게까지 연기 잘하는줄 몰랐음진짜 단종처럼 느껴질만큼 처연하고 슬픈 눈빛을 잊을 수가없다,godt****,2026.02.10. 19:42,38,4
10,재밌게 봤어요 연출은 좀 아쉬운 부분들 솔직히 있었는데 박지훈 눈이 다 함...,codu****,2026.02.10. 18:28,38,4
10,나만 호랑이에서 울컥했나... 호랑이가 수양대군이고 사슴이 단종인걸 확 느낀 순간 니 상대는 나라는 게 너무 슬프던데 그냥....주말에 또 볼 예정,sky0****,2026.03.04. 18:59,39,5
10,유해진도 대단하지만 박지훈의 눈빛이 감명깊다. 어떤 삶을 살아야 그런 눈빛이 나온단 말인가?,rich****,2026.02.05. 12:23,39,5
10,유해진은 연기는 무조건이지만 박지훈 진짜 대박!!!!단종이 몸에 들어간듯~~~ㅠㅠㅠ,lyms****,2026.02.08. 10:23,40,6
10,오랜만에 아이들도 함께 볼 수 있는 영화가 나왔네요~몰랐던 단종의 역사를 알게 되었고역사가 스포라 결말을 알고 봤는데도슬프고 여운이 남는 영화였어요,kyhl****,2026.02.04. 12:13,41,7
10,너무나도 가슴 아픈 슬픈 역사의 한 부분을 웃다가 울다가 하면서 봤어요. 오랜만에 눈물 쏟으면서 본 훌륭한 작품이라 보시기를 적극 추천합니다.,hyun****,2026.02.04. 13:41,42,8
6,유해진은 역시 유해진이었고 몰랐던 박지훈의 연기력에 놀랐음. 유지태 캐스팅도 아주 극호,maxi****,2026.02.05. 06:09,45,11
10,재밌게 보다가 막판에 펑펑 울었어요. 먹먹할때 끝나서 차마 못일어나구 자막 끝까지 봤네요. 호랑이는 좀.. cg가 구렸어요,moon****,2026.02.07. 18:40,35,2
10,유해진은 원래 믿고 보고 박지훈 정말 연기 잘하네요 ㅠㅠ 수양대군 썩을놈아,kjh_****,2026.02.14. 13:02,36,3
10,후반부로 갈수록 내가 단종의 백성이 된 것처럼 슬픈 감정이 몰아칩니다.한번 볼 땐 아쉬운 부분이 보이는데 자꾸 떠오릅니다. 두번 째 보고 펑펑 울고 말았습니다.정말 좋은 작품입니다.영화관에서 봐야하는 작품입니다.,asdg****,2026.02.08. 19:11,36,3
10,박지훈 연기 최고ㅜㅜㅠ,kdoy****,2026.02.06. 15:49,36,3
10,"연출이나 스토리나 좀 떨어지는데 그냥 박지훈이랑 유해진이 다 커버하고 커버하고도 넘쳐요, 극장에서 오열하고 나온건 태극기휘날리며, 헬로고스트 다음으로 처음이예요 ㅜㅜㅜ 진짜 세조 싸움잘함???",sinb****,2026.02.06. 12:00,36,3
10,와~ 정말 오랜만에 제대로 된 영화를 본 느낌? 예매율 높은게 괜히 그런게 아니더라구요. 단종이 어린 나이에 왕으로 즉위한건 알았지만 이런 이야기가 있는지는 몰랐습니다. 약간의 상상의 가미가 더해져 더 재밌었어요! 특히 주인공 단종(노산군)을 ...,mimj****,2026.02.05. 20:28,36,3
10,여운이가시질않음홍위님….마지막 부탁을 들어주는 장면이 정말 슬펐음 연출로도 미친거 같고…..,elli****,2026.02.05. 01:02,36,3
10,"유해진 배우, 박지훈 배우 연기 너무 잘함 유해진 배우는 원래 잘했고 특히 박지훈 배우가 연기력 정점 찍은듯",j3s3****,2026.02.13. 05:17,37,4
10,마을사람들과 명패를 달고있는 홍위와 홍도를 볼때 오히려 엔딩보다 더 눈물이 났던것은.. 죽기만 기다리다 생을 마감하지않은 어린왕에게 이런 기쁜 생도 있었기를 바랬기 때문인것 같다.,ping****,2026.02.08. 21:35,38,5
10,오랜만에 한국 영화에서 볼 작품이 생겼다박지훈 유해진 등 다들 연기도 너무 잘하고 스토리며 몰입감이 엄청났다! 꼭 흥행하길,sess****,2026.02.04. 14:17,40,7
10,정말 너무 재밌게 봤습니다. 연기며 스토리며 빠지지 않는 영화였네요. 설 연휴 영화로 강추 드립니다!,tenn****,2026.02.04. 11:53,41,8
10,첫장면부터 박지훈배우님의 연기에 몰입되서 눈물이차오름을 시작으로 유해진배우님의 유쾌함에 웃었다가 울고 웃고 반복하게 된 영화에요 가족들이랑 봤는데 너무 재밌게 보았고 박지훈님 연기에 새삼 또 감탄하며 영화관을 나왔습니다 다양한 ott...,hyel****,2026.02.08. 17:06,34,2
10,"일단..배우들이 너무 잘함...다 아는데도 후반부에 우느라 혼났음...이제 다시 쪼개봐야하니까 한번 더 볼거고, 본가 배경이니까 또 한번 더 볼 예정임...그냥 단종해줘서 감사하고(지훈군...정태우배우 이후로 드디어 단종 세대교체가 이뤄졌네요) 엄흥도 해...",mess****,2026.02.14. 15:28,35,3
10,"배우들의 연기가 너무 좋았고, 역사를 잘 모르는 상황에서 푹 빠져서 봤습니다. 연출과 연기력 모두 극찬 합니다.",rlrt****,2026.02.09. 13:22,35,3
10,유해진씨 연기가 빛이 나네요.,blis****,2026.02.09. 06:46,35,3
10,기대하고 봤는데도 너무너무 좋았음 특히 이홍위역의 박지훈 눈빛이 모든 걸 설명함... 왕족 그 자체 간만에 볼만한 영화 나와서 좋음 ㅎㅎ,gksm****,2026.02.04. 19:33,36,4
10,단종의 강을 건널수 있게 도왔다가 실패했던 장면을 마지막 강을 건너는걸 돕는 장면으로 연출.. 단종의 환생과 같은 모습과 엄흥도의 실제했던 내용이라고 하니 참으로 안타깝기도 하면서도 먹먹하면서도 지나치지 않는 웃음을 곁들인 오랜만에 또 보...,cmxk****,2026.02.11. 12:22,38,6
8,2017년도로 돌아간다면 내 픽 말고 박지훈을 투표했을 것.,subi****,2026.02.11. 04:44,38,6
8,좋은데 아쉬워.. 그치만 좋아.. 그치만 아쉬워.. 그치만 좋아.. 그치만 아쉬워..,o0ky****,2026.02.06. 16:44,40,8
